route_id,area,area_lims,area_cm
1,21,"(6, 27)",73.85117417818111
1,32,"(6, 38)",115.6252072551802
1,48,"(10, 58)",172.6371291390399
1,41,"(21, 62)",144.33249401289714
1,42,"(26, 68)",151.18958343701408
1,39,"(35, 74)",140.4546182220319
1,18,"(59, 77)",69.97697519585407
1,16,"(74, 90)",62.06267366666616
1,25,"(75, 100)",99.8439839359948
1,26,"(92, 118)",104.49801276434717
1,32,"(93, 125)",110.68705755604351
1,18,"(105, 123)",59.94567982130455
